<?xml version="1.0" encoding="utf-8"?>
<unattend xmlns="urn:schemas-microsoft-com:unattend">
    <!--
        Answer file for installation from stardard Windows Server ISO
        VM configuration:
            Hypervisor: AHV
            BIOS: uEFI
            HDD: 40 GB
            NIC: with auto IP and Internet access (for WIndows Update)
            CDROM 1: Windows Server
            CDROM 2: Nutanix VirtIO
            CDROM 3: this file in the root - I prefer to make my own file with answer file

        After VM powered on:
            - open VM console
            - send Ctrl+Alt+Del
            - press SPACE to boot from ISO

        After VM powered off - yuo have update and generilized disk image

        ##  Vladislav Kirilin
        ##  ivladek@me.com, @ivladek
        ##  04.11.2024
    -->
    <settings pass="windowsPE">
        <component name="Microsoft-Windows-International-Core-WinPE" processorArchitecture="amd64" language="neutral" publicKeyToken="31bf3856ad364e35" versionScope="nonSxS" xmlns:wcm="http://schemas.microsoft.com/WMIConfig/2002/State" xmlns:xsi="http://www.w3.org/2001/XMLSchema-instance">
            <SetupUILanguage>
                <UILanguage>en-US</UILanguage>
            </SetupUILanguage>
            <InputLocale>en-US</InputLocale>
            <SystemLocale>en-US</SystemLocale>
            <UILanguage>en-US</UILanguage>
            <UILanguageFallback>en-US</UILanguageFallback>
            <UserLocale>en-US</UserLocale>
        </component>
        <component name="Microsoft-Windows-PnpCustomizationsWinPE" processorArchitecture="amd64" language="neutral" publicKeyToken="31bf3856ad364e35" versionScope="nonSxS" xmlns:wcm="http://schemas.microsoft.com/WMIConfig/2002/State" xmlns:xsi="http://www.w3.org/2001/XMLSchema-instance">
            <DriverPaths>
                <!-- Drivers for Windows Seerver 2022 -->
                <PathAndCredentials wcm:action="add" wcm:keyValue="1">
                    <Path>D:\Windows Server 2022\x64</Path>
                </PathAndCredentials>
                <PathAndCredentials wcm:action="add" wcm:keyValue="2">
                    <Path>E:\Windows Server 2022\x64</Path>
                </PathAndCredentials>
                <PathAndCredentials wcm:action="add" wcm:keyValue="3">
                    <Path>F:\Windows Server 2022\x64</Path>
                </PathAndCredentials>
                <PathAndCredentials wcm:action="add" wcm:keyValue="4">
                    <Path>G:\Windows Server 2022\x64</Path>
                </PathAndCredentials>
                <!--  -->
            </DriverPaths>
        </component>
        <component name="Microsoft-Windows-Setup" processorArchitecture="amd64" language="neutral" publicKeyToken="31bf3856ad364e35" versionScope="nonSxS" xmlns:wcm="http://schemas.microsoft.com/WMIConfig/2002/State" xmlns:xsi="http://www.w3.org/2001/XMLSchema-instance">
            <DiskConfiguration>
                <Disk wcm:action="add">
                    <DiskID>0</DiskID>
                    <WillWipeDisk>true</WillWipeDisk>
                    <CreatePartitions>
                        <CreatePartition wcm:action="add">
                            <Order>1</Order>
                            <Size>512</Size>
                            <Type>Primary</Type>
                        </CreatePartition>
                        <CreatePartition wcm:action="add">
                            <Order>2</Order>
                            <Size>128</Size>
                            <Type>EFI</Type>
                        </CreatePartition>
                        <CreatePartition wcm:action="add">
                            <Order>3</Order>
                            <Size>16</Size>
                            <Type>MSR</Type>
                        </CreatePartition>
                        <CreatePartition wcm:action="add">
                            <Order>4</Order>
                            <Extend>true</Extend>
                            <Type>Primary</Type>
                        </CreatePartition>
                    </CreatePartitions>
                    <ModifyPartitions>
                        <ModifyPartition wcm:action="add">
                            <Order>1</Order>
                            <PartitionID>1</PartitionID>
                            <TypeID>DE94BBA4-06D1-4D40-A16A-BFD50179D6AC</TypeID>
                            <Format>NTFS</Format>
                            <Label>WinRE</Label>
                        </ModifyPartition>
                        <ModifyPartition wcm:action="add">
                            <Order>2</Order>
                            <PartitionID>2</PartitionID>
                            <Format>FAT32</Format>
                            <Label>EFI</Label>
                        </ModifyPartition>
                        <ModifyPartition wcm:action="add">
                            <Order>3</Order>
                            <PartitionID>3</PartitionID>
                        </ModifyPartition>
                        <ModifyPartition wcm:action="add">
                            <Order>4</Order>
                            <PartitionID>4</PartitionID>
                            <Format>NTFS</Format>
                            <Label>system</Label>
                            <Letter>C</Letter>
                        </ModifyPartition>
                    </ModifyPartitions>
                </Disk>
                <WillShowUI>OnError</WillShowUI>
            </DiskConfiguration>
            <ImageInstall>
                <OSImage>
                    <InstallFrom>
                        <MetaData wcm:action="add">
                            <!--
                                1 - Windows Server Standard CORE
                                2 - Windows Server Standard GUI
                                3 - Windows Server DataCenter CORE
                                4 - Windows Server DataCenter GUI
                            -->
                            <Key>/IMAGE/INDEX</Key>
                            <Value>1</Value>
                        </MetaData>
                    </InstallFrom>
                    <InstallTo>
                        <DiskID>0</DiskID>
                        <PartitionID>4</PartitionID>
                    </InstallTo>
                </OSImage>
            </ImageInstall>
            <UserData>
                <AcceptEula>true</AcceptEula>
                <FullName>Cloud Admin</FullName>
                <Organization>Cloud Provider</Organization>
            </UserData>
        </component>
    </settings>
    <settings pass="offlineServicing">
        <component name="Microsoft-Windows-LUA-Settings" processorArchitecture="amd64" language="neutral" publicKeyToken="31bf3856ad364e35" versionScope="nonSxS" xmlns:wcm="http://schemas.microsoft.com/WMIConfig/2002/State" xmlns:xsi="http://www.w3.org/2001/XMLSchema-instance">
            <EnableLUA>false</EnableLUA>
        </component>
    </settings>
    <settings pass="specialize">
        <component name="Microsoft-Windows-Shell-Setup" processorArchitecture="amd64" language="neutral" publicKeyToken="31bf3856ad364e35" versionScope="nonSxS" xmlns:wcm="http://schemas.microsoft.com/WMIConfig/2002/State" xmlns:xsi="http://www.w3.org/2001/XMLSchema-instance">
            <ComputerName>ws-template</ComputerName>
            <RegisteredOwner>Cloud Admin</RegisteredOwner>
            <RegisteredOrganization>Cloud Provider</RegisteredOrganization>
            <!-- Use tsutil /l to enumerate all available time zones -->
            <TimeZone>West Asia Standard Time</TimeZone>
            <OEMInformation>
                <HelpCustomized>false</HelpCustomized>
            </OEMInformation>
        </component>
        <component name="Microsoft-Windows-TCPIP" processorArchitecture="amd64" language="neutral" publicKeyToken="31bf3856ad364e35" versionScope="nonSxS" xmlns:wcm="http://schemas.microsoft.com/WMIConfig/2002/State" xmlns:xsi="http://www.w3.org/2001/XMLSchema-instance">
            <Interfaces>
                <Interface wcm:action="add">
                    <!-- Get an IP address from DHCP -->
                    <Ipv4Settings>
                        <DhcpEnabled>true</DhcpEnabled>
                        <RouterDiscoveryEnabled>true</RouterDiscoveryEnabled>
                    </Ipv4Settings>
                    <Identifier>Ethernet</Identifier>
                    <!-- Set static IP address
                    <Ipv4Settings>
                        <DhcpEnabled>false</DhcpEnabled>
                        <RouterDiscoveryEnabled>false</RouterDiscoveryEnabled>
                    </Ipv4Settings>
                    <Identifier>Ethernet</Identifier>
                    <UnicastIpAddresses>
                        <IpAddress wcm:action="add" wcm:keyValue="1">192.168.1.200/24</IpAddress>
                    </UnicastIpAddresses>
                    <Routes>
                        <Route wcm:action="add">
                            <Identifier>0</Identifier>
                            <NextHopAddress>192.168.1.1</NextHopAddress> 
                            <Prefix>0.0.0.0/0</Prefix>
                        </Route>
                    </Routes>
                    -->
                </Interface>
            </Interfaces>
        </component>
        <!-- Set static DNS addresses
        <component name="Microsoft-Windows-DNS-Client" processorArchitecture="amd64" language="neutral" publicKeyToken="31bf3856ad364e35" versionScope="nonSxS" xmlns:wcm="http://schemas.microsoft.com/WMIConfig/2002/State" xmlns:xsi="http://www.w3.org/2001/XMLSchema-instance">
            <DNSDomain>nutanix.lab</DNSDomain>
            <Interfaces>
                <Interface wcm:action="add">
                    <Identifier>Ethernet</Identifier>
                    <DNSServerSearchOrder>
                        <IpAddress wcm:action="add" wcm:keyValue="1">192.168.1.11</IpAddress>
                        <IpAddress wcm:action="add" wcm:keyValue="2">192.168.1.12</IpAddress>
                    </DNSServerSearchOrder>
                    <EnableAdapterDomainNameRegistration>true</EnableAdapterDomainNameRegistration>
                </Interface>
            </Interfaces>
        </component>
        -->
        <component name="Microsoft-Windows-NetBT" processorArchitecture="amd64" language="neutral" publicKeyToken="31bf3856ad364e35" versionScope="nonSxS" xmlns:wcm="http://schemas.microsoft.com/WMIConfig/2002/State" xmlns:xsi="http://www.w3.org/2001/XMLSchema-instance">
            <Interfaces>
                <Interface wcm:action="add">
                    <Identifier>Ethernet</Identifier>
                    <!--
                        0 - DHCP setting is used if available.
                        1 - NetBIOS is enabled. This is the default value if DHCP is not available.
                        2 - NetBIOS is disabled.
                    -->
                    <NetbiosOptions>2</NetbiosOptions>
                </Interface>
            </Interfaces>
        </component>
        <component name="Microsoft-Windows-TerminalServices-LocalSessionManager" processorArchitecture="amd64" language="neutral" publicKeyToken="31bf3856ad364e35" versionScope="nonSxS" xmlns:wcm="http://schemas.microsoft.com/WMIConfig/2002/State" xmlns:xsi="http://www.w3.org/2001/XMLSchema-instance">
            <fDenyTSConnections>false</fDenyTSConnections>
        </component>
        <component name="Microsoft-Windows-TerminalServices-RDP-WinStationExtensions" processorArchitecture="amd64" language="neutral" publicKeyToken="31bf3856ad364e35" versionScope="nonSxS" xmlns:wcm="http://schemas.microsoft.com/WMIConfig/2002/State" xmlns:xsi="http://www.w3.org/2001/XMLSchema-instance">
            <UserAuthentication>0</UserAuthentication>
        </component>
        <component name="Networking-MPSSVC-Svc" processorArchitecture="amd64" language="neutral" publicKeyToken="31bf3856ad364e35" versionScope="nonSxS" xmlns:wcm="http://schemas.microsoft.com/WMIConfig/2002/State" xmlns:xsi="http://www.w3.org/2001/XMLSchema-instance">
            <FirewallGroups>
                <FirewallGroup wcm:action="add" wcm:keyValue="RemoteDesktop">
                    <Active>true</Active>
                    <Group>Remote Desktop</Group>
                    <Profile>all</Profile>
                </FirewallGroup>
            </FirewallGroups>
        </component>
        <component name="Microsoft-Windows-Security-SPP-UX" processorArchitecture="amd64" language="neutral" publicKeyToken="31bf3856ad364e35" versionScope="nonSxS" xmlns:wcm="http://schemas.microsoft.com/WMIConfig/2002/State" xmlns:xsi="http://www.w3.org/2001/XMLSchema-instance">
            <SkipAutoActivation>true</SkipAutoActivation>
        </component>
        <component name="Microsoft-Windows-OutOfBoxExperience" processorArchitecture="amd64" language="neutral" publicKeyToken="31bf3856ad364e35" versionScope="nonSxS" xmlns:wcm="http://schemas.microsoft.com/WMIConfig/2002/State" xmlns:xsi="http://www.w3.org/2001/XMLSchema-instance">
            <DoNotOpenInitialConfigurationTasksAtLogon>true</DoNotOpenInitialConfigurationTasksAtLogon>
        </component>
        <component name="Microsoft-Windows-ServerManager-SvrMgrNc" processorArchitecture="amd64" language="neutral" publicKeyToken="31bf3856ad364e35" versionScope="nonSxS" xmlns:wcm="http://schemas.microsoft.com/WMIConfig/2002/State" xmlns:xsi="http://www.w3.org/2001/XMLSchema-instance">
            <DoNotOpenServerManagerAtLogon>true</DoNotOpenServerManagerAtLogon>
        </component>
        <component name="Microsoft-Windows-IE-ESC" processorArchitecture="amd64" language="neutral" publicKeyToken="31bf3856ad364e35" versionScope="nonSxS" xmlns:wcm="http://schemas.microsoft.com/WMIConfig/2002/State" xmlns:xsi="http://www.w3.org/2001/XMLSchema-instance">
            <IEHardenAdmin>false</IEHardenAdmin>
            <IEHardenUser>false</IEHardenUser>
        </component>
        <component name="Microsoft-Windows-IE-InternetExplorer" processorArchitecture="amd64" language="neutral" publicKeyToken="31bf3856ad364e35" versionScope="nonSxS" xmlns:wcm="http://schemas.microsoft.com/WMIConfig/2002/State" xmlns:xsi="http://www.w3.org/2001/XMLSchema-instance">
            <SearchScopes>
                <Scope wcm:action="add">
                    <ScopeDefault>true</ScopeDefault>
                    <ScopeDisplayName>Google</ScopeDisplayName>
                    <ScopeKey>Google</ScopeKey>
                    <ScopeUrl>http://www.google.com/search?q={searchTerms}</ScopeUrl>
                </Scope>
            </SearchScopes>
            <DisableAccelerators>true</DisableAccelerators>
            <DisableFirstRunWizard>true</DisableFirstRunWizard>
            <Home_Page>about:blank</Home_Page>
        </component>
    </settings>
    <settings pass="oobeSystem">
        <component name="Microsoft-Windows-International-Core" processorArchitecture="amd64" language="neutral" publicKeyToken="31bf3856ad364e35" versionScope="nonSxS" xmlns:wcm="http://schemas.microsoft.com/WMIConfig/2002/State" xmlns:xsi="http://www.w3.org/2001/XMLSchema-instance">
            <InputLocale>en-US</InputLocale>
            <SystemLocale>en-US</SystemLocale>
            <UILanguageFallback>en-us</UILanguageFallback>
            <UILanguage>en-US</UILanguage>
            <UserLocale>en-US</UserLocale>
        </component>
        <component name="Microsoft-Windows-Shell-Setup" processorArchitecture="amd64" language="neutral" publicKeyToken="31bf3856ad364e35" versionScope="nonSxS" xmlns:wcm="http://schemas.microsoft.com/WMIConfig/2002/State" xmlns:xsi="http://www.w3.org/2001/XMLSchema-instance">
            <OOBE>
                <HideEULAPage>true</HideEULAPage>
                <HideLocalAccountScreen>true</HideLocalAccountScreen>
                <HideOEMRegistrationScreen>true</HideOEMRegistrationScreen>
                <HideOnlineAccountScreens>true</HideOnlineAccountScreens>
                <HideWirelessSetupInOOBE>true</HideWirelessSetupInOOBE>
                <NetworkLocation>Home</NetworkLocation>
                <ProtectYourPC>1</ProtectYourPC>
            </OOBE>
            <UserAccounts>
                <AdministratorPassword>
                    <Value>PleaseChangeMeN0W!</Value>
                    <PlainText>true</PlainText>
                </AdministratorPassword>
            </UserAccounts>
            <AutoLogon>
                <Enabled>true</Enabled>
                <LogonCount>2</LogonCount>
                <Username>Administrator</Username>
                <Password>
                    <Value>PleaseChangeMeN0W!</Value>
                    <PlainText>true</PlainText>
                </Password>
            </AutoLogon>
            <FirstLogonCommands>
                <SynchronousCommand wcm:action="add">
                    <Order>1</Order>
                    <Description>Eject all CD-ROMs</Description>
                    <CommandLine>powershell -Command "foreach ($l in (Get-CimInstance Win32_LogicalDisk | ?{$_.DriveType -eq 5 -and $_.Size -ge 0}).DeviceID) {(New-Object -comObject Shell.Application).NameSpace(17).ParseName("""$l""").InvokeVerb("""Eject""")}"</CommandLine>
                    <RequiresUserInput>false</RequiresUserInput>
                </SynchronousCommand>

                <SynchronousCommand wcm:action="add">
                    <!-- Without this setting VM local time VM will be UTC -->
                    <Order>2</Order>
                    <Description>Set RTC to UTC</Description>
                    <CommandLine>reg add "HKEY_LOCAL_MACHINE\System\CurrentControlSet\Control\TimeZoneInformation" /v RealTimeIsUniversal /d 1 /t REG_DWORD /f</CommandLine>
                    <RequiresUserInput>false</RequiresUserInput>
                </SynchronousCommand>

                <SynchronousCommand wcm:action="add">
                    <Order>3</Order>
                    <Description>Set Execution Policy 32 Bit</Description>
                    <CommandLine>C:\Windows\SysWOW64\cmd.exe /c powershell -Command "Set-ExecutionPolicy -ExecutionPolicy Unrestricted -Force"</CommandLine>
                    <RequiresUserInput>false</RequiresUserInput>
                </SynchronousCommand>
                <SynchronousCommand wcm:action="add">
                    <Order>4</Order>
                    <Description>Set Execution Policy 64 Bit</Description>
                    <CommandLine>powershell -Command "Set-ExecutionPolicy -ExecutionPolicy Unrestricted -Force"</CommandLine>
                    <RequiresUserInput>false</RequiresUserInput>
                </SynchronousCommand>
                <SynchronousCommand wcm:action="add">
                    <Order>5</Order>
                    <Description>Enable PS-Remoting 32 Bit</Description>
                    <CommandLine>C:\Windows\SysWOW64\cmd.exe /c powershell -Command "Enable-PSRemoting -SkipNetworkProfileCheck -Force"</CommandLine>
                    <RequiresUserInput>false</RequiresUserInput>
                </SynchronousCommand>
                <SynchronousCommand wcm:action="add">
                    <Order>6</Order>
                    <Description>Enable PS-Remoting 64 Bit</Description>
                    <CommandLine>powershell -Command "Enable-PSRemoting -SkipNetworkProfileCheck -Force"</CommandLine>
                    <RequiresUserInput>false</RequiresUserInput>
                </SynchronousCommand>

                <SynchronousCommand wcm:action="add">
                    <Order>7</Order>
                    <Description>Enable ICMP v4 Echo request</Description>
                    <CommandLine>powershell -Command "Enable-NetFirewallRule -DisplayName ""File and Printer Sharing (Echo Request - ICMPv4-In)"""</CommandLine>
                    <RequiresUserInput>false</RequiresUserInput>
                </SynchronousCommand>
                <SynchronousCommand wcm:action="add">
                    <Order>8</Order>
                    <Description>Enable ICMP v6 Echo request</Description>
                    <CommandLine>powershell -Command "Enable-NetFirewallRule -DisplayName ""File and Printer Sharing (Echo Request - ICMPv6-In)"""</CommandLine>
                    <RequiresUserInput>false</RequiresUserInput>
                </SynchronousCommand>

                <SynchronousCommand wcm:action="add">
                    <Order>9</Order>
                    <Description>Enable HTTPS access to WinRM</Description>
                    <CommandLine>netsh firewall add portopening TCP 5986 "WinRM HTTPS"</CommandLine>
                    <RequiresUserInput>true</RequiresUserInput>
                </SynchronousCommand>
                <SynchronousCommand wcm:action="add">
                    <Description>Network prompt disable</Description>
                    <Order>10</Order>
                    <CommandLine>reg add "HKLM\System\CurrentControlSet\Control\Network\NewNetworkWindowOff"</CommandLine>
                    <RequiresUserInput>false</RequiresUserInput>
                </SynchronousCommand>

                <SynchronousCommand wcm:action="add">
                    <Order>11</Order>
                    <Description>Windows Update - enable automatic updating</Description>
                    <CommandLine>reg add "HKEY_LOCAL_MACHINE\SOFTWARE\Policies\Microsoft\Windows\WindowsUpdate\AU" /v NoAutoUpdate /t REG_DWORD /d 0 /f</CommandLine>
                    <RequiresUserInput>false</RequiresUserInput>
                </SynchronousCommand>
                <SynchronousCommand wcm:action="add">
                    <Order>12</Order>
                    <Description>Windows Update - include recommeded updates</Description>
                    <CommandLine>reg add "HKEY_LOCAL_MACHINE\SOFTWARE\Policies\Microsoft\Windows\WindowsUpdate\AU" /v IncludeRecommendedUpdates /t REG_DWORD /d 0 /f</CommandLine>
                    <RequiresUserInput>false</RequiresUserInput>
                </SynchronousCommand>
                <SynchronousCommand wcm:action="add">
                    <Order>13</Order>
                    <Description>Windows Update - automatically download and schedule installation</Description>
                    <CommandLine>reg add "HKEY_LOCAL_MACHINE\SOFTWARE\Policies\Microsoft\Windows\WindowsUpdate\AU" /v AUOptions /t REG_DWORD /d 4 /f</CommandLine>
                    <RequiresUserInput>false</RequiresUserInput>
                </SynchronousCommand>
                <SynchronousCommand wcm:action="add">
                    <Order>14</Order>
                    <Description>Windows Update - install updates on Saturday</Description>
                    <CommandLine>reg add "HKEY_LOCAL_MACHINE\SOFTWARE\Policies\Microsoft\Windows\WindowsUpdate\AU" /v ScheduledInstallDay /t REG_DWORD /d 7 /f</CommandLine>
                    <RequiresUserInput>false</RequiresUserInput>
                </SynchronousCommand>
                <SynchronousCommand wcm:action="add">
                    <Order>15</Order>
                    <Description>Windows Update - install updates at 11am</Description>
                    <CommandLine>reg add "HKEY_LOCAL_MACHINE\SOFTWARE\Policies\Microsoft\Windows\WindowsUpdate\AU" /v ScheduledInstallTime /t REG_DWORD /d 11 /f</CommandLine>
                    <RequiresUserInput>false</RequiresUserInput>
                </SynchronousCommand>
                <SynchronousCommand wcm:action="add">
                    <Order>16</Order>
                    <Description>Windows Update - allow updates installation for 1 hour after missed scheduled time</Description>
                    <CommandLine>reg add "HKEY_LOCAL_MACHINE\SOFTWARE\Policies\Microsoft\Windows\WindowsUpdate\AU" /v RescheduleWaitTime /t REG_DWORD /d 60 /f</CommandLine>
                    <RequiresUserInput>false</RequiresUserInput>
                </SynchronousCommand>
                <SynchronousCommand wcm:action="add">
                    <Order>17</Order>
                    <Description>Windows Update - disable automatic reboot to complete updates when user is logged in</Description>
                    <CommandLine>reg add "HKEY_LOCAL_MACHINE\SOFTWARE\Policies\Microsoft\Windows\WindowsUpdate\AU" /v NoAutoRebootWithLoggedOnUsers /t REG_DWORD /d 1 /f</CommandLine>
                    <RequiresUserInput>false</RequiresUserInput>
                </SynchronousCommand>

                <SynchronousCommand wcm:action="add">
                    <Order>18</Order>
                    <Description>Prepare to generalize on next logon</Description>
                    <CommandLine>reg add "HKEY_CURRENT_USER\SOFTWARE\Microsoft\Windows\CurrentVersion\RunOnce" /t REG_SZ /d "C:\WINDOWS\system32\sysprep\sysprep.exe /generalize /shutdown /oobe" /f</CommandLine>
                    <RequiresUserInput>false</RequiresUserInput>
                </SynchronousCommand>

                <SynchronousCommand wcm:action="add">
                    <Order>19</Order>
                    <Description>Windows Update - install required PowerShell modules and packages</Description>
                    <CommandLine>powershell -Command "Install-PackageProvider -Name NuGet -Force"</CommandLine>
                    <RequiresUserInput>false</RequiresUserInput>
                </SynchronousCommand>
                <SynchronousCommand wcm:action="add">
                    <Order>21</Order>
                    <Description>Windows Update - install required PowerShell modules and packages</Description>
                    <CommandLine>powershell -Command "Install-Module -Name PSWindowsUpdate -Force"</CommandLine>
                    <RequiresUserInput>false</RequiresUserInput>
                </SynchronousCommand>
                <SynchronousCommand wcm:action="add">
                    <Order>22</Order>
                    <Description>Windows Update - install all available updates</Description>
                    <CommandLine>powershell -Command "Install-WindowsUpdate -AcceptAll -AutoReboot"</CommandLine>
                    <RequiresUserInput>false</RequiresUserInput>
                </SynchronousCommand>
            </FirstLogonCommands>
        </component>
    </settings>
</unattend>